<COMPOSITION xmlns="http://schemas.openehr.org/v1" xmlns:xsi="http://www.w3.org/2001/XMLSchema-instance" xsi:type="COMPOSITION" archetype_node_id="openEHR-EHR-COMPOSITION.report.v1">
  <name>
    <value>Discharge Medication Summary</value>
  </name>
  <uid xsi:type="OBJECT_VERSION_ID">
    <value>99517983-267f-4a14-b620-841a961b9e1e::handi.ehrscape.com::1</value>
  </uid>
  <archetype_details>
    <archetype_id>
      <value>openEHR-EHR-COMPOSITION.report.v1</value>
    </archetype_id>
    <template_id>
      <value>Discharge Summary (composition)</value>
    </template_id>
    <rm_version>1.0.2</rm_version>
  </archetype_details>
  <language>
    <terminology_id>
      <value>ISO_639-1</value>
    </terminology_id>
    <code_string>en</code_string>
  </language>
  <territory>
    <terminology_id>
      <value>ISO_3166-1</value>
    </terminology_id>
    <code_string>GB</code_string>
  </territory>
  <category>
    <value>event</value>
    <defining_code>
      <terminology_id>
        <value>openehr</value>
      </terminology_id>
      <code_string>433</code_string>
    </defining_code>
  </category>
  <composer xsi:type="PARTY_IDENTIFIED">
    <name>Dr Shaun Jones</name>
  </composer>
  <context>
    <start_time>
      <value>2014-09-23T00:11:02.518+02:00</value>
    </start_time>
    <setting>
      <value>other care</value>
      <defining_code>
        <terminology_id>
          <value>openehr</value>
        </terminology_id>
        <code_string>238</code_string>
      </defining_code>
    </setting>
    <health_care_facility>
      <external_ref>
        <id xsi:type="GENERIC_ID">
          <value>999999-1</value>
          <scheme/>
        </id>
        <namespace/>
        <type>PARTY</type>
      </external_ref>
      <name>St Overhere NHS Hospitals Trust</name>
    </health_care_facility>
  </context>
  <content xsi:type="SECTION" archetype_node_id="openEHR-EHR-SECTION.medication_medical_devices_rcp.v1">
    <name>
      <value>Medication and medical devices</value>
    </name>
    <archetype_details>
      <archetype_id>
        <value>openEHR-EHR-SECTION.medication_medical_devices_rcp.v1</value>
      </archetype_id>
      <rm_version>1.0.2</rm_version>
    </archetype_details>
    <items xsi:type="SECTION" archetype_node_id="openEHR-EHR-SECTION.current_medication_rcp.v1">
      <name>
        <value>Current medication</value>
      </name>
      <archetype_details>
        <archetype_id>
          <value>openEHR-EHR-SECTION.current_medication_rcp.v1</value>
        </archetype_id>
        <rm_version>1.0.2</rm_version>
      </archetype_details>
      <items xsi:type="EVALUATION" archetype_node_id="openEHR-EHR-EVALUATION.medication_statement_uk.v1">
        <name>
          <value>Medication statement</value>
        </name>
        <archetype_details>
          <archetype_id>
            <value>openEHR-EHR-EVALUATION.medication_statement_uk.v1</value>
          </archetype_id>
          <rm_version>1.0.2</rm_version>
        </archetype_details>
        <language>
          <terminology_id>
            <value>ISO_639-1</value>
          </terminology_id>
          <code_string>en</code_string>
        </language>
        <encoding>
          <terminology_id>
            <value>IANA_character-sets</value>
          </terminology_id>
          <code_string>UTF-8</code_string>
        </encoding>
        <subject xsi:type="PARTY_SELF"/>
        <data xsi:type="ITEM_TREE" archetype_node_id="at0001">
          <name>
            <value>Tree</value>
          </name>
          <items xsi:type="CLUSTER" archetype_node_id="openEHR-EHR-CLUSTER.medication_item.v1">
            <name>
              <value>Medication item</value>
            </name>
            <archetype_details>
              <archetype_id>
                <value>openEHR-EHR-CLUSTER.medication_item.v1</value>
              </archetype_id>
              <rm_version>1.0.2</rm_version>
            </archetype_details>
            <items xsi:type="ELEMENT" archetype_node_id="at0001">
              <name>
                <value>Medication name</value>
              </name>
              <value xsi:type="DV_CODED_TEXT">
                <value>Simvastatin</value>
                <defining_code>
                  <terminology_id>
                    <value>SNOMED-CT</value>
                  </terminology_id>
                  <code_string>96304005</code_string>
                </defining_code>
              </value>
            </items>
            <items xsi:type="ELEMENT" archetype_node_id="at0002">
              <name>
                <value>Route</value>
              </name>
              <value xsi:type="DV_CODED_TEXT">
                <value>44611018</value>
                <defining_code>
                  <terminology_id>
                    <value>SNOMED-CT</value>
                  </terminology_id>
                  <code_string>Oral route</code_string>
                </defining_code>
              </value>
            </items>
            <items xsi:type="ELEMENT" archetype_node_id="at0020">
              <name>
                <value>Dose amount description</value>
              </name>
              <value xsi:type="DV_TEXT">
                <value>10mg</value>
              </value>
            </items>
            <items xsi:type="ELEMENT" archetype_node_id="at0021">
              <name>
                <value>Dose timing description</value>
              </name>
              <value xsi:type="DV_TEXT">
                <value>at night</value>
              </value>
            </items>
            <items xsi:type="ELEMENT" archetype_node_id="at0033">
              <name>
                <value>Parsable dose directions</value>
              </name>
              <value xsi:type="DV_PARSABLE">
                <size/>
                <value>10mg n</value>
                <formalism>text/plain</formalism>
              </value>
            </items>
            <items xsi:type="ELEMENT" archetype_node_id="at0005">
              <name xsi:type="DV_CODED_TEXT">
                <value>Additional instruction</value>
                <defining_code>
                  <terminology_id>
                    <value>local</value>
                  </terminology_id>
                  <code_string>at0005</code_string>
                </defining_code>
              </name>
              <value xsi:type="DV_TEXT">
                <value>for high cholesterol</value>
              </value>
            </items>
            <items xsi:type="CLUSTER" archetype_node_id="at0046">
              <name>
                <value>Course details</value>
              </name>
              <items xsi:type="ELEMENT" archetype_node_id="at0049">
                <name>
                  <value>Course status</value>
                </name>
                <value xsi:type="DV_CODED_TEXT">
                  <value>Active</value>
                  <defining_code>
                    <terminology_id>
                      <value>local</value>
                    </terminology_id>
                    <code_string>at0050</code_string>
                  </defining_code>
                </value>
              </items>
              <items xsi:type="ELEMENT" archetype_node_id="at0039">
                <name>
                  <value>Start datetime</value>
                </name>
                <value xsi:type="DV_DATE_TIME">
                  <value>2002-10-02T00:11:02.520+02:00</value>
                </value>
              </items>
              <items xsi:type="ELEMENT" archetype_node_id="at0047">
                <name>
                  <value>Indication</value>
                </name>
                <value xsi:type="DV_CODED_TEXT">
                  <value>hypercholesterolaemia</value>
                  <defining_code>
                    <terminology_id>
                      <value>SNOMED-CT</value>
                    </terminology_id>
                    <code_string>13644009</code_string>
                  </defining_code>
                </value>
              </items>
            </items>
          </items>
          <items xsi:type="CLUSTER" archetype_node_id="openEHR-EHR-CLUSTER.medication_event_summary.v1">
            <name>
              <value>Medication event summary</value>
            </name>
            <archetype_details>
              <archetype_id>
                <value>openEHR-EHR-CLUSTER.medication_event_summary.v1</value>
              </archetype_id>
              <rm_version>1.0.2</rm_version>
            </archetype_details>
            <items xsi:type="CLUSTER" archetype_node_id="at0070">
              <name>
                <value>First authorised</value>
              </name>
              <items xsi:type="ELEMENT" archetype_node_id="at0047">
                <name xsi:type="DV_CODED_TEXT">
                  <value>Date first authorised</value>
                  <defining_code>
                    <terminology_id>
                      <value>local</value>
                    </terminology_id>
                    <code_string>at0061</code_string>
                  </defining_code>
                </name>
                <value xsi:type="DV_DATE_TIME">
                  <value>2014-09-10T19:11:44.684+02:00</value>
                </value>
              </items>
            </items>
          </items>
          <items xsi:type="CLUSTER" archetype_node_id="openEHR-EHR-CLUSTER.medication_reconciliation_admit_uk.v1">
            <name>
              <value>Medication reconciliation</value>
            </name>
            <archetype_details>
              <archetype_id>
                <value>openEHR-EHR-CLUSTER.medication_reconciliation_admit_uk.v1</value>
              </archetype_id>
              <rm_version>1.0.2</rm_version>
            </archetype_details>
            <items xsi:type="ELEMENT" archetype_node_id="at0003">
              <name>
                <value>Reconciliation action</value>
              </name>
              <value xsi:type="DV_CODED_TEXT">
                <value>Add medication</value>
                <defining_code>
                  <terminology_id>
                    <value>local</value>
                  </terminology_id>
                  <code_string>at0023</code_string>
                </defining_code>
              </value>
            </items>
            <items xsi:type="ELEMENT" archetype_node_id="at0006">
              <name>
                <value>Date reconciled</value>
              </name>
              <value xsi:type="DV_DATE_TIME">
                <value>2014-09-10T19:11:44.685+02:00</value>
              </value>
            </items>
          </items>
        </data>
      </items>
      <items xsi:type="EVALUATION" archetype_node_id="openEHR-EHR-EVALUATION.medication_statement_uk.v1">
        <name>
          <value>Medication statement #2</value>
        </name>
        <archetype_details>
          <archetype_id>
            <value>openEHR-EHR-EVALUATION.medication_statement_uk.v1</value>
          </archetype_id>
          <rm_version>1.0.2</rm_version>
        </archetype_details>
        <language>
          <terminology_id>
            <value>ISO_639-1</value>
          </terminology_id>
          <code_string>en</code_string>
        </language>
        <encoding>
          <terminology_id>
            <value>IANA_character-sets</value>
          </terminology_id>
          <code_string>UTF-8</code_string>
        </encoding>
        <subject xsi:type="PARTY_SELF"/>
        <data xsi:type="ITEM_TREE" archetype_node_id="at0001">
          <name>
            <value>Tree</value>
          </name>
          <items xsi:type="CLUSTER" archetype_node_id="openEHR-EHR-CLUSTER.medication_item.v1">
            <name>
              <value>Medication item</value>
            </name>
            <archetype_details>
              <archetype_id>
                <value>openEHR-EHR-CLUSTER.medication_item.v1</value>
              </archetype_id>
              <rm_version>1.0.2</rm_version>
            </archetype_details>
            <items xsi:type="ELEMENT" archetype_node_id="at0001">
              <name>
                <value>Medication name</value>
              </name>
              <value xsi:type="DV_CODED_TEXT">
                <value>Salbutamol 100micrograms/dose breath actuated inhaler CFC free</value>
                <defining_code>
                  <terminology_id>
                    <value>SNOMED-CT</value>
                  </terminology_id>
                  <code_string>320151000</code_string>
                </defining_code>
              </value>
            </items>
            <items xsi:type="ELEMENT" archetype_node_id="at0002">
              <name>
                <value>Route</value>
              </name>
              <value xsi:type="DV_CODED_TEXT">
                <value>inhalation</value>
                <defining_code>
                  <terminology_id>
                    <value>SNOMED-CT</value>
                  </terminology_id>
                  <code_string>64072601000001116</code_string>
                </defining_code>
              </value>
            </items>
            <items xsi:type="ELEMENT" archetype_node_id="at0020">
              <name>
                <value>Dose amount description</value>
              </name>
              <value xsi:type="DV_TEXT">
                <value>2 puffs</value>
              </value>
            </items>
            <items xsi:type="ELEMENT" archetype_node_id="at0021">
              <name>
                <value>Dose timing description</value>
              </name>
              <value xsi:type="DV_TEXT">
                <value>as required</value>
              </value>
            </items>
            <items xsi:type="ELEMENT" archetype_node_id="at0033">
              <name>
                <value>Parsable dose directions</value>
              </name>
              <value xsi:type="DV_PARSABLE">
                <size/>
                <value>2p prn</value>
                <formalism>text/plain</formalism>
              </value>
            </items>
            <items xsi:type="ELEMENT" archetype_node_id="at0005">
              <name xsi:type="DV_CODED_TEXT">
                <value>Additional instruction</value>
                <defining_code>
                  <terminology_id>
                    <value>local</value>
                  </terminology_id>
                  <code_string>at0005</code_string>
                </defining_code>
              </name>
              <value xsi:type="DV_TEXT">
                <value>for wheeze</value>
              </value>
            </items>
            <items xsi:type="CLUSTER" archetype_node_id="at0046">
              <name>
                <value>Course details</value>
              </name>
              <items xsi:type="ELEMENT" archetype_node_id="at0049">
                <name>
                  <value>Course status</value>
                </name>
                <value xsi:type="DV_CODED_TEXT">
                  <value>Active</value>
                  <defining_code>
                    <terminology_id>
                      <value>local</value>
                    </terminology_id>
                    <code_string>at0050</code_string>
                  </defining_code>
                </value>
              </items>
              <items xsi:type="ELEMENT" archetype_node_id="at0039">
                <name>
                  <value>Start datetime</value>
                </name>
                <value xsi:type="DV_DATE_TIME">
                  <value>2002-10-02T00:11:02.520+02:00</value>
                </value>
              </items>
              <items xsi:type="ELEMENT" archetype_node_id="at0047">
                <name>
                  <value>Indication</value>
                </name>
                <value xsi:type="DV_CODED_TEXT">
                  <value> Mild asthma</value>
                  <defining_code>
                    <terminology_id>
                      <value>SNOMED-CT</value>
                    </terminology_id>
                    <code_string>370218001</code_string>
                  </defining_code>
                </value>
              </items>
            </items>
          </items>
          <items xsi:type="CLUSTER" archetype_node_id="openEHR-EHR-CLUSTER.medication_event_summary.v1">
            <name>
              <value>Medication event summary</value>
            </name>
            <archetype_details>
              <archetype_id>
                <value>openEHR-EHR-CLUSTER.medication_event_summary.v1</value>
              </archetype_id>
              <rm_version>1.0.2</rm_version>
            </archetype_details>
            <items xsi:type="CLUSTER" archetype_node_id="at0070">
              <name>
                <value>First authorised</value>
              </name>
              <items xsi:type="ELEMENT" archetype_node_id="at0047">
                <name xsi:type="DV_CODED_TEXT">
                  <value>Date first authorised</value>
                  <defining_code>
                    <terminology_id>
                      <value>local</value>
                    </terminology_id>
                    <code_string>at0061</code_string>
                  </defining_code>
                </name>
                <value xsi:type="DV_DATE_TIME">
                  <value>2006-10-23T00:11:02.520+02:00</value>
                </value>
              </items>
            </items>
          </items>
          <items xsi:type="CLUSTER" archetype_node_id="openEHR-EHR-CLUSTER.medication_reconciliation_admit_uk.v1">
            <name>
              <value>Medication reconciliation</value>
            </name>
            <archetype_details>
              <archetype_id>
                <value>openEHR-EHR-CLUSTER.medication_reconciliation_admit_uk.v1</value>
              </archetype_id>
              <rm_version>1.0.2</rm_version>
            </archetype_details>
            <items xsi:type="ELEMENT" archetype_node_id="at0003">
              <name>
                <value>Reconciliation action</value>
              </name>
              <value xsi:type="DV_CODED_TEXT">
                <value>Continue unchanged</value>
                <defining_code>
                  <terminology_id>
                    <value>local</value>
                  </terminology_id>
                  <code_string>at0031</code_string>
                </defining_code>
              </value>
            </items>
            <items xsi:type="ELEMENT" archetype_node_id="at0006">
              <name>
                <value>Date reconciled</value>
              </name>
              <value xsi:type="DV_DATE_TIME">
                <value>2014-09-10T19:11:44.685+02:00</value>
              </value>
            </items>
          </items>
        </data>
      </items>
    </items>
    <items xsi:type="SECTION" archetype_node_id="openEHR-EHR-SECTION.current_medication_rcp.v1">
      <name>
        <value>Discontinued GP medication</value>
      </name>
      <archetype_details>
        <archetype_id>
          <value>openEHR-EHR-SECTION.current_medication_rcp.v1</value>
        </archetype_id>
        <rm_version>1.0.2</rm_version>
      </archetype_details>
      <items xsi:type="EVALUATION" archetype_node_id="openEHR-EHR-EVALUATION.medication_statement_uk.v1">
        <name>
          <value>Medication statement</value>
        </name>
        <archetype_details>
          <archetype_id>
            <value>openEHR-EHR-EVALUATION.medication_statement_uk.v1</value>
          </archetype_id>
          <rm_version>1.0.2</rm_version>
        </archetype_details>
        <language>
          <terminology_id>
            <value>ISO_639-1</value>
          </terminology_id>
          <code_string>en</code_string>
        </language>
        <encoding>
          <terminology_id>
            <value>IANA_character-sets</value>
          </terminology_id>
          <code_string>UTF-8</code_string>
        </encoding>
        <subject xsi:type="PARTY_SELF"/>
        <data xsi:type="ITEM_TREE" archetype_node_id="at0001">
          <name>
            <value>Tree</value>
          </name>
          <items xsi:type="CLUSTER" archetype_node_id="openEHR-EHR-CLUSTER.medication_item.v1">
            <name>
              <value>Medication item</value>
            </name>
            <archetype_details>
              <archetype_id>
                <value>openEHR-EHR-CLUSTER.medication_item.v1</value>
              </archetype_id>
              <rm_version>1.0.2</rm_version>
            </archetype_details>
            <items xsi:type="ELEMENT" archetype_node_id="at0001">
              <name>
                <value>Medication name</value>
              </name>
              <value xsi:type="DV_CODED_TEXT">
                <value>Dihydrocodeine</value>
                <defining_code>
                  <terminology_id>
                    <value>SNOMED-CT</value>
                  </terminology_id>
                  <code_string>57811004</code_string>
                </defining_code>
              </value>
            </items>
            <items xsi:type="ELEMENT" archetype_node_id="at0002">
              <name>
                <value>Route</value>
              </name>
              <value xsi:type="DV_CODED_TEXT">
                <value>oral</value>
                <defining_code>
                  <terminology_id>
                    <value>SNOMED-CT</value>
                  </terminology_id>
                  <code_string>26643006</code_string>
                </defining_code>
              </value>
            </items>
            <items xsi:type="ELEMENT" archetype_node_id="at0020">
              <name>
                <value>Dose amount description</value>
              </name>
              <value xsi:type="DV_TEXT">
                <value>30mg</value>
              </value>
            </items>
            <items xsi:type="ELEMENT" archetype_node_id="at0021">
              <name>
                <value>Dose timing description</value>
              </name>
              <value xsi:type="DV_TEXT">
                <value>four to six hourly as required</value>
              </value>
            </items>
            <items xsi:type="ELEMENT" archetype_node_id="at0033">
              <name>
                <value>Parsable dose directions</value>
              </name>
              <value xsi:type="DV_PARSABLE">
                <size/>
                <value>30mg 4h\6h prn</value>
                <formalism>text/plain</formalism>
              </value>
            </items>
            <items xsi:type="ELEMENT" archetype_node_id="at0005">
              <name xsi:type="DV_CODED_TEXT">
                <value>Additional instruction</value>
                <defining_code>
                  <terminology_id>
                    <value>local</value>
                  </terminology_id>
                  <code_string>at0005</code_string>
                </defining_code>
              </name>
              <value xsi:type="DV_TEXT">
                <value>for pain</value>
              </value>
            </items>
            <items xsi:type="CLUSTER" archetype_node_id="at0046">
              <name>
                <value>Course details</value>
              </name>
              <items xsi:type="ELEMENT" archetype_node_id="at0049">
                <name>
                  <value>Course status</value>
                </name>
                <value xsi:type="DV_CODED_TEXT">
                  <value>Discontinued</value>
                  <defining_code>
                    <terminology_id>
                      <value>local</value>
                    </terminology_id>
                    <code_string>at0051</code_string>
                  </defining_code>
                </value>
              </items>
              <items xsi:type="ELEMENT" archetype_node_id="at0039">
                <name>
                  <value>Start datetime</value>
                </name>
                <value xsi:type="DV_DATE_TIME">
                  <value>2014-06-10T19:11:44.685+02:00</value>
                </value>
              </items>
              <items xsi:type="ELEMENT" archetype_node_id="at0040">
                <name>
                  <value>End datetime</value>
                </name>
                <value xsi:type="DV_DATE_TIME">
                  <value>2014-09-10T19:11:44.685+02:00</value>
                </value>
              </items>
            </items>
          </items>
          <items xsi:type="CLUSTER" archetype_node_id="openEHR-EHR-CLUSTER.medication_event_summary.v1">
            <name>
              <value>Medication event summary</value>
            </name>
            <archetype_details>
              <archetype_id>
                <value>openEHR-EHR-CLUSTER.medication_event_summary.v1</value>
              </archetype_id>
              <rm_version>1.0.2</rm_version>
            </archetype_details>
            <items xsi:type="CLUSTER" archetype_node_id="at0070">
              <name>
                <value>Discontinued</value>
              </name>
              <items xsi:type="ELEMENT" archetype_node_id="at0047">
                <name xsi:type="DV_CODED_TEXT">
                  <value>Date discontinued</value>
                  <defining_code>
                    <terminology_id>
                      <value>local</value>
                    </terminology_id>
                    <code_string>at0072</code_string>
                  </defining_code>
                </name>
                <value xsi:type="DV_DATE_TIME">
                  <value>2014-09-10T19:11:44.685+02:00</value>
                </value>
              </items>
              <items xsi:type="CLUSTER" archetype_node_id="openEHR-EHR-CLUSTER.medication_event.v1">
                <name>
                  <value>Medication event</value>
                </name>
                <archetype_details>
                  <archetype_id>
                    <value>openEHR-EHR-CLUSTER.medication_event.v1</value>
                  </archetype_id>
                  <rm_version>1.0.2</rm_version>
                </archetype_details>
                <items xsi:type="CLUSTER" archetype_node_id="at0122">
                  <name>
                    <value>Discontinuation</value>
                  </name>
                  <items xsi:type="ELEMENT" archetype_node_id="at0125">
                    <name>
                      <value>Reason discontinued</value>
                    </name>
                    <value xsi:type="DV_TEXT">
                      <value>Constipation</value>
                    </value>
                  </items>
                </items>
              </items>
            </items>
          </items>
          <items xsi:type="CLUSTER" archetype_node_id="openEHR-EHR-CLUSTER.medication_reconciliation_admit_uk.v1">
            <name>
              <value>Medication reconciliation</value>
            </name>
            <archetype_details>
              <archetype_id>
                <value>openEHR-EHR-CLUSTER.medication_reconciliation_admit_uk.v1</value>
              </archetype_id>
              <rm_version>1.0.2</rm_version>
            </archetype_details>
            <items xsi:type="ELEMENT" archetype_node_id="at0003">
              <name>
                <value>Reconciliation action</value>
              </name>
              <value xsi:type="DV_CODED_TEXT">
                <value>Stop medication</value>
                <defining_code>
                  <terminology_id>
                    <value>local</value>
                  </terminology_id>
                  <code_string>at0020</code_string>
                </defining_code>
              </value>
            </items>
            <items xsi:type="ELEMENT" archetype_node_id="at0004">
              <name>
                <value>Reason</value>
              </name>
              <value xsi:type="DV_TEXT">
                <value>Constipation</value>
              </value>
            </items>
            <items xsi:type="ELEMENT" archetype_node_id="at0006">
              <name>
                <value>Date reconciled</value>
              </name>
              <value xsi:type="DV_DATE_TIME">
                <value>2014-09-10T19:11:44.685+02:00</value>
              </value>
            </items>
          </items>
        </data>
      </items>
      <items xsi:type="EVALUATION" archetype_node_id="openEHR-EHR-EVALUATION.medication_statement_uk.v1">
        <name>
          <value>Medication statement #2</value>
        </name>
        <archetype_details>
          <archetype_id>
            <value>openEHR-EHR-EVALUATION.medication_statement_uk.v1</value>
          </archetype_id>
          <rm_version>1.0.2</rm_version>
        </archetype_details>
        <language>
          <terminology_id>
            <value>ISO_639-1</value>
          </terminology_id>
          <code_string>en</code_string>
        </language>
        <encoding>
          <terminology_id>
            <value>IANA_character-sets</value>
          </terminology_id>
          <code_string>UTF-8</code_string>
        </encoding>
        <subject xsi:type="PARTY_SELF"/>
        <data xsi:type="ITEM_TREE" archetype_node_id="at0001">
          <name>
            <value>Tree</value>
          </name>
          <items xsi:type="CLUSTER" archetype_node_id="openEHR-EHR-CLUSTER.medication_item.v1">
            <name>
              <value>Medication item</value>
            </name>
            <archetype_details>
              <archetype_id>
                <value>openEHR-EHR-CLUSTER.medication_item.v1</value>
              </archetype_id>
              <rm_version>1.0.2</rm_version>
            </archetype_details>
            <items xsi:type="ELEMENT" archetype_node_id="at0001">
              <name>
                <value>Medication name</value>
              </name>
              <value xsi:type="DV_CODED_TEXT">
                <value>Movelat gel (Dowelhurst Ltd)</value>
                <defining_code>
                  <terminology_id>
                    <value>SNOMED-CT</value>
                  </terminology_id>
                  <code_string>10488411000001108</code_string>
                </defining_code>
              </value>
            </items>
            <items xsi:type="ELEMENT" archetype_node_id="at0002">
              <name>
                <value>Route</value>
              </name>
              <value xsi:type="DV_CODED_TEXT">
                <value>Topical route</value>
                <defining_code>
                  <terminology_id>
                    <value>SNOMED-CT</value>
                  </terminology_id>
                  <code_string>11073019</code_string>
                </defining_code>
              </value>
            </items>
            <items xsi:type="ELEMENT" archetype_node_id="at0020">
              <name>
                <value>Dose amount description</value>
              </name>
              <value xsi:type="DV_TEXT">
                <value>apply to joint</value>
              </value>
            </items>
            <items xsi:type="ELEMENT" archetype_node_id="at0021">
              <name>
                <value>Dose timing description</value>
              </name>
              <value xsi:type="DV_TEXT">
                <value>as required</value>
              </value>
            </items>
            <items xsi:type="ELEMENT" archetype_node_id="at0005">
              <name xsi:type="DV_CODED_TEXT">
                <value>Additional instruction</value>
                <defining_code>
                  <terminology_id>
                    <value>local</value>
                  </terminology_id>
                  <code_string>at0005</code_string>
                </defining_code>
              </name>
              <value xsi:type="DV_TEXT">
                <value>for pain</value>
              </value>
            </items>
            <items xsi:type="CLUSTER" archetype_node_id="at0046">
              <name>
                <value>Course details</value>
              </name>
              <items xsi:type="ELEMENT" archetype_node_id="at0049">
                <name>
                  <value>Course status</value>
                </name>
                <value xsi:type="DV_CODED_TEXT">
                  <value>Discontinued</value>
                  <defining_code>
                    <terminology_id>
                      <value>local</value>
                    </terminology_id>
                    <code_string>at0051</code_string>
                  </defining_code>
                </value>
              </items>
              <items xsi:type="ELEMENT" archetype_node_id="at0039">
                <name>
                  <value>Start datetime</value>
                </name>
                <value xsi:type="DV_DATE_TIME">
                  <value>2014-06-10T19:11:44.685+02:00</value>
                </value>
              </items>
              <items xsi:type="ELEMENT" archetype_node_id="at0040">
                <name>
                  <value>End datetime</value>
                </name>
                <value xsi:type="DV_DATE_TIME">
                  <value>2014-09-10T19:11:44.685+02:00</value>
                </value>
              </items>
            </items>
          </items>
          <items xsi:type="CLUSTER" archetype_node_id="openEHR-EHR-CLUSTER.medication_event_summary.v1">
            <name>
              <value>Medication event summary</value>
            </name>
            <archetype_details>
              <archetype_id>
                <value>openEHR-EHR-CLUSTER.medication_event_summary.v1</value>
              </archetype_id>
              <rm_version>1.0.2</rm_version>
            </archetype_details>
            <items xsi:type="CLUSTER" archetype_node_id="at0070">
              <name>
                <value>Discontinued</value>
              </name>
              <items xsi:type="ELEMENT" archetype_node_id="at0047">
                <name xsi:type="DV_CODED_TEXT">
                  <value>Date discontinued</value>
                  <defining_code>
                    <terminology_id>
                      <value>local</value>
                    </terminology_id>
                    <code_string>at0072</code_string>
                  </defining_code>
                </name>
                <value xsi:type="DV_DATE_TIME">
                  <value>2014-09-10T19:11:44.685+02:00</value>
                </value>
              </items>
              <items xsi:type="CLUSTER" archetype_node_id="openEHR-EHR-CLUSTER.medication_event.v1">
                <name>
                  <value>Medication event</value>
                </name>
                <archetype_details>
                  <archetype_id>
                    <value>openEHR-EHR-CLUSTER.medication_event.v1</value>
                  </archetype_id>
                  <rm_version>1.0.2</rm_version>
                </archetype_details>
                <items xsi:type="CLUSTER" archetype_node_id="at0122">
                  <name>
                    <value>Discontinuation</value>
                  </name>
                  <items xsi:type="ELEMENT" archetype_node_id="at0125">
                    <name>
                      <value>Reason discontinued</value>
                    </name>
                    <value xsi:type="DV_TEXT">
                      <value>Patient never used it</value>
                    </value>
                  </items>
                </items>
              </items>
            </items>
          </items>
          <items xsi:type="CLUSTER" archetype_node_id="openEHR-EHR-CLUSTER.medication_reconciliation_admit_uk.v1">
            <name>
              <value>Medication reconciliation</value>
            </name>
            <archetype_details>
              <archetype_id>
                <value>openEHR-EHR-CLUSTER.medication_reconciliation_admit_uk.v1</value>
              </archetype_id>
              <rm_version>1.0.2</rm_version>
            </archetype_details>
            <items xsi:type="ELEMENT" archetype_node_id="at0003">
              <name>
                <value>Reconciliation action</value>
              </name>
              <value xsi:type="DV_CODED_TEXT">
                <value>Stop medication</value>
                <defining_code>
                  <terminology_id>
                    <value>local</value>
                  </terminology_id>
                  <code_string>at0020</code_string>
                </defining_code>
              </value>
            </items>
            <items xsi:type="ELEMENT" archetype_node_id="at0004">
              <name>
                <value>Reason</value>
              </name>
              <value xsi:type="DV_TEXT">
                <value>Patient never used it</value>
              </value>
            </items>
            <items xsi:type="ELEMENT" archetype_node_id="at0006">
              <name>
                <value>Date reconciled</value>
              </name>
              <value xsi:type="DV_DATE_TIME">
                <value>2014-09-10T19:11:44.685+02:00</value>
              </value>
            </items>
          </items>
        </data>
      </items>
    </items>
  </content>
</COMPOSITION>